task,setting,score,delta_vs_all
E1 protocol id (macro-F1),all features,0.9716,0.0
E1 protocol id (macro-F1),without volume,0.9716,-0.0
E1 protocol id (macro-F1),only volume,0.9601,-0.0115
E1 protocol id (macro-F1),without size_stats,0.9642,-0.0074
E1 protocol id (macro-F1),only size_stats,0.9723,0.0006
E1 protocol id (macro-F1),without timing,0.9736,0.002
E1 protocol id (macro-F1),only timing,0.8655,-0.1062
E1 protocol id (macro-F1),without bursts,0.9689,-0.0027
E1 protocol id (macro-F1),only bursts,0.9446,-0.027
E1 protocol id (macro-F1),without first20,0.9648,-0.0068
E1 protocol id (macro-F1),only first20,0.9743,0.0027
E2 fingerprinting quad9/doh (accuracy),all features,0.3401,0.0
E2 fingerprinting quad9/doh (accuracy),without volume,0.2494,-0.0907
E2 fingerprinting quad9/doh (accuracy),only volume,0.3602,0.0201
E2 fingerprinting quad9/doh (accuracy),without size_stats,0.267,-0.0731
E2 fingerprinting quad9/doh (accuracy),only size_stats,0.3804,0.0403
E2 fingerprinting quad9/doh (accuracy),without timing,0.3401,0.0
E2 fingerprinting quad9/doh (accuracy),only timing,0.0126,-0.3275
E2 fingerprinting quad9/doh (accuracy),without bursts,0.3678,0.0277
E2 fingerprinting quad9/doh (accuracy),only bursts,0.1108,-0.2293
E2 fingerprinting quad9/doh (accuracy),without first20,0.3526,0.0125
E2 fingerprinting quad9/doh (accuracy),only first20,0.2393,-0.1008
E2 fingerprinting quad9/doh3 (accuracy),all features,0.103,0.0
E2 fingerprinting quad9/doh3 (accuracy),without volume,0.093,-0.01
E2 fingerprinting quad9/doh3 (accuracy),only volume,0.0955,-0.0075
E2 fingerprinting quad9/doh3 (accuracy),without size_stats,0.1005,-0.0025
E2 fingerprinting quad9/doh3 (accuracy),only size_stats,0.1131,0.0101
E2 fingerprinting quad9/doh3 (accuracy),without timing,0.1131,0.0101
E2 fingerprinting quad9/doh3 (accuracy),only timing,0.0477,-0.0553
E2 fingerprinting quad9/doh3 (accuracy),without bursts,0.1231,0.0201
E2 fingerprinting quad9/doh3 (accuracy),only bursts,0.0452,-0.0578
E2 fingerprinting quad9/doh3 (accuracy),without first20,0.108,0.005
E2 fingerprinting quad9/doh3 (accuracy),only first20,0.0879,-0.0151
E2 fingerprinting quad9/doq (accuracy),all features,0.2864,0.0
E2 fingerprinting quad9/doq (accuracy),without volume,0.294,0.0076
E2 fingerprinting quad9/doq (accuracy),only volume,0.191,-0.0954
E2 fingerprinting quad9/doq (accuracy),without size_stats,0.2563,-0.0301
E2 fingerprinting quad9/doq (accuracy),only size_stats,0.3216,0.0352
E2 fingerprinting quad9/doq (accuracy),without timing,0.3015,0.0151
E2 fingerprinting quad9/doq (accuracy),only timing,0.0402,-0.2462
E2 fingerprinting quad9/doq (accuracy),without bursts,0.2814,-0.005
E2 fingerprinting quad9/doq (accuracy),only bursts,0.0653,-0.2211
E2 fingerprinting quad9/doq (accuracy),without first20,0.2462,-0.0402
E2 fingerprinting quad9/doq (accuracy),only first20,0.2638,-0.0226
E2 fingerprinting google/doh (accuracy),all features,0.0676,0.0
E2 fingerprinting google/doh (accuracy),without volume,0.0608,-0.0068
E2 fingerprinting google/doh (accuracy),only volume,0.0405,-0.0271
E2 fingerprinting google/doh (accuracy),without size_stats,0.0541,-0.0135
E2 fingerprinting google/doh (accuracy),only size_stats,0.027,-0.0406
E2 fingerprinting google/doh (accuracy),without timing,0.0608,-0.0068
E2 fingerprinting google/doh (accuracy),only timing,0.0338,-0.0338
E2 fingerprinting google/doh (accuracy),without bursts,0.0608,-0.0068
E2 fingerprinting google/doh (accuracy),only bursts,0.0541,-0.0135
E2 fingerprinting google/doh (accuracy),without first20,0.0473,-0.0203
E2 fingerprinting google/doh (accuracy),only first20,0.0405,-0.0271
