resolver,protocol,feature,group,F
quad9,doh,n_pkts,volume,0.71
quad9,doh,n_up,volume,1.06
quad9,doh,n_down,volume,0.63
quad9,doh,bytes_up,volume,0.97
quad9,doh,bytes_down,volume,0.93
quad9,doh,bytes_total,volume,0.77
quad9,doh,ratio_bytes_down_up,volume,1.2
quad9,doh,up_mean,size_stats,1.04
quad9,doh,up_std,size_stats,1.05
quad9,doh,up_max,size_stats,0.0
quad9,doh,down_mean,size_stats,0.66
quad9,doh,down_std,size_stats,0.63
quad9,doh,down_max,size_stats,0.0
quad9,doh,duration,timing,1.4
quad9,doh,iat_mean,timing,1.42
quad9,doh,iat_std,timing,1.3
quad9,doh,iat_median,timing,1.21
quad9,doh,iat_max,timing,1.2
quad9,doh,t_first_down,timing,1.2
quad9,doh,n_bursts,bursts,0.81
quad9,doh,burst_len_mean,bursts,0.84
quad9,doh,burst_len_max,bursts,1.06
quad9,doh,burst_bytes_mean,bursts,0.83
quad9,doh,burst_bytes_max,bursts,0.72
quad9,doh,pkt_00,first20,0.0
quad9,doh,pkt_01,first20,0.96
quad9,doh,pkt_02,first20,0.98
quad9,doh,pkt_03,first20,0.96
quad9,doh,pkt_04,first20,0.94
quad9,doh,pkt_05,first20,0.66
quad9,doh,pkt_06,first20,0.94
quad9,doh,pkt_07,first20,0.73
quad9,doh,pkt_08,first20,1.08
quad9,doh,pkt_09,first20,0.63
quad9,doh,pkt_10,first20,0.84
quad9,doh,pkt_11,first20,0.76
quad9,doh,pkt_12,first20,0.94
quad9,doh,pkt_13,first20,0.75
quad9,doh,pkt_14,first20,1.04
quad9,doh,pkt_15,first20,0.98
quad9,doh,pkt_16,first20,1.15
quad9,doh,pkt_17,first20,1.14
quad9,doh,pkt_18,first20,1.03
quad9,doh,pkt_19,first20,0.9
quad9,doh3,n_pkts,volume,1.21
quad9,doh3,n_up,volume,0.89
quad9,doh3,n_down,volume,1.39
quad9,doh3,bytes_up,volume,1.0
quad9,doh3,bytes_down,volume,0.74
quad9,doh3,bytes_total,volume,0.99
quad9,doh3,ratio_bytes_down_up,volume,0.75
quad9,doh3,up_mean,size_stats,0.98
quad9,doh3,up_std,size_stats,0.89
quad9,doh3,up_max,size_stats,0.0
quad9,doh3,down_mean,size_stats,0.93
quad9,doh3,down_std,size_stats,0.78
quad9,doh3,down_max,size_stats,0.0
quad9,doh3,duration,timing,1.81
quad9,doh3,iat_mean,timing,1.75
quad9,doh3,iat_std,timing,1.91
quad9,doh3,iat_median,timing,0.8
quad9,doh3,iat_max,timing,1.91
quad9,doh3,t_first_down,timing,0.91
quad9,doh3,n_bursts,bursts,1.15
quad9,doh3,burst_len_mean,bursts,0.95
quad9,doh3,burst_len_max,bursts,0.92
quad9,doh3,burst_bytes_mean,bursts,0.96
quad9,doh3,burst_bytes_max,bursts,0.81
quad9,doh3,pkt_00,first20,1.66
quad9,doh3,pkt_01,first20,0.0
quad9,doh3,pkt_02,first20,1.36
quad9,doh3,pkt_03,first20,1.65
quad9,doh3,pkt_04,first20,1.29
quad9,doh3,pkt_05,first20,1.73
quad9,doh3,pkt_06,first20,1.4
quad9,doh3,pkt_07,first20,1.23
quad9,doh3,pkt_08,first20,1.11
quad9,doh3,pkt_09,first20,0.61
quad9,doh3,pkt_10,first20,0.87
quad9,doh3,pkt_11,first20,1.2
quad9,doh3,pkt_12,first20,1.35
quad9,doh3,pkt_13,first20,1.21
quad9,doh3,pkt_14,first20,1.01
quad9,doh3,pkt_15,first20,1.02
quad9,doh3,pkt_16,first20,0.81
quad9,doh3,pkt_17,first20,0.73
quad9,doh3,pkt_18,first20,0.72
quad9,doh3,pkt_19,first20,0.78
quad9,doq,n_pkts,volume,1.01
quad9,doq,n_up,volume,1.48
quad9,doq,n_down,volume,0.88
quad9,doq,bytes_up,volume,1.31
quad9,doq,bytes_down,volume,0.9
quad9,doq,bytes_total,volume,1.03
quad9,doq,ratio_bytes_down_up,volume,1.14
quad9,doq,up_mean,size_stats,1.05
quad9,doq,up_std,size_stats,0.86
quad9,doq,up_max,size_stats,0.0
quad9,doq,down_mean,size_stats,0.98
quad9,doq,down_std,size_stats,0.9
quad9,doq,down_max,size_stats,0.0
quad9,doq,duration,timing,1.21
quad9,doq,iat_mean,timing,1.31
quad9,doq,iat_std,timing,1.36
quad9,doq,iat_median,timing,1.24
quad9,doq,iat_max,timing,1.33
quad9,doq,t_first_down,timing,1.52
quad9,doq,n_bursts,bursts,1.18
quad9,doq,burst_len_mean,bursts,1.18
quad9,doq,burst_len_max,bursts,0.68
quad9,doq,burst_bytes_mean,bursts,1.14
quad9,doq,burst_bytes_max,bursts,0.79
quad9,doq,pkt_00,first20,0.99
quad9,doq,pkt_01,first20,0.99
quad9,doq,pkt_02,first20,1.12
quad9,doq,pkt_03,first20,0.73
quad9,doq,pkt_04,first20,0.85
quad9,doq,pkt_05,first20,0.79
quad9,doq,pkt_06,first20,0.97
quad9,doq,pkt_07,first20,0.95
quad9,doq,pkt_08,first20,0.94
quad9,doq,pkt_09,first20,0.84
quad9,doq,pkt_10,first20,0.95
quad9,doq,pkt_11,first20,1.19
quad9,doq,pkt_12,first20,1.69
quad9,doq,pkt_13,first20,1.03
quad9,doq,pkt_14,first20,1.08
quad9,doq,pkt_15,first20,0.99
quad9,doq,pkt_16,first20,1.16
quad9,doq,pkt_17,first20,1.1
quad9,doq,pkt_18,first20,0.92
quad9,doq,pkt_19,first20,1.32
